pid,hid,name,value
P0002,P0002H02,coarse_frag,76.6
P0002,P0002H03,coarse_frag,87
P0003,P0003H01,humus,26.38
P0003,P0003H01,total_N,0.81
P0004,P0004H01,humus,45.78
P0004,P0004H01,total_N,1.32
P0006,P0006H01,humus,19.9354583333333
P0006,P0006H01,total_N,1.196
P0008,P0008H02,total,100.001
P0013,P0013H01,Y1,106.88
P0014,P0014H01,humus,11.36
P0014,P0014H01,total_N,0.76
P0037,P0037H01,ap,40.67
P0039,P0039H01,humus,11.84
P0039,P0039H03,ap,40.34
P0044,P0044H01,humus,11.54
P0044,P0044H01,total_N,0.83
P0045,P0045H01,humus,12.24
P0045,P0045H01,total_N,1.07
P0047,P0047H01,humus,13
P0047,P0047H01,total_N,0.9
P0051,P0051H03,caco3,42
P0058,P0058H02,Y1,111.56
P0075,P0075H01,caco3,42.46
P0075,P0075H02,caco3,47.42
P0108,P0108H03,caco3,34.64
P0109,P0109H02,caco3,29.7
P0112,P0112H03,caco3,32.92
P0115,P0115H01,caco3,53.05
P0122,P0122H02,caco3,48.59
P0124,P0124H02,caco3,35.04
P0125,P0125H02,caco3,33.72
P0322,P0322H01,total,100.29999999999998
P0323,P0323H01,total,100.04
P0329,P0329H02,Y1,103.33
P0330,P0330H01,total,100.35
P0330,P0330H02,total,100.04
P0331,P0331H03,total,100.04
P0335,P0335H01,total,100.4
P0336,P0336H01,total,100.42000000000002
P0340,P0340H02,total,100.1
P0382,P0382H01,total,104.52
P0390,P0390H01,total,100.22
P0405,P0405H02,total,100.2
P0410,P0410H01,total,100.02
P0419,P0419H01,total_N,0.95
P0424,P0424H02,humus,13.22
P0427,P0427H02,humus,11.71
P0427,P0427H03,total,100.03
P0431,P0431H02,humus,11.1
P0431,P0431H02,Y1,98.83
P0437,P0437H02,humus,12.1
P0437,P0437H02,total_N,0.8
P0437,P0437H02,Y1,128.77
P0439,P0439H02,Y1,105.82
P0441,P0441H01,total,100.04
P0441,P0441H02,Y1,120.39
P0445,P0445H02,humus,16.92
P0445,P0445H02,total_N,1.07
P0445,P0445H02,Y1,134.69
P0445,P0445H02,total,100.1
P0446,P0446H01,coarse_frag,72.2
P0447,P0447H02,ap,62
P0447,P0447H02,Y1,132.84
P0449,P0449H02,humus,16.12
P0449,P0449H02,total_N,0.918
P0499,P0499H01,total_N,1
P0500,P0500H01,total_N,0.87
P0510,P0510H03,total,100.4
P0516,P0516H01,ap,40.57
P0518,P0518H01,ap,41.05
P0519,P0519H01,coarse_frag,104
P0525,P0525H01,ap,40.49
P0525,P0525H02,total_N,1.1
P0525,P0525H02,ap,39.76
P0527,P0527H02,total,100.4
P0531,P0531H01,ap,40.67
P0531,P0531H02,ap,40.71
P0531,P0531H03,ap,35.06
P0537,P0537H03,total,100.4
P0590,P0590H01,humus,12.47
P0590,P0590H01,total_N,1.28
P0604,P0604H01,caco3,37.08
P0610,P0610H01,total_N,0.77
P0612,P0612H01,humus,11.41
P0612,P0612H01,Y1,107.64
P0614,P0614H01,humus,11.63
P0614,P0614H01,total_N,1.2
P0616,P0616H01,humus,11.43
P0616,P0616H01,total_N,0.77
P0616,P0616H01,Y1,106.36
P0617,P0617H01,Y1,96.32
P0617,P0617H02,total,100.46
P0620,P0620H01,humus,14.53
P0620,P0620H01,total_N,0.91
P0622,P0622H01,humus,14.04
P0622,P0622H01,total_N,1.79
P0625,P0625H01,humus,11.78
P0625,P0625H01,total_N,1.02
P0626,P0626H01,ap,62.28
P0626,P0626H02,ap,58.37
P0626,P0626H02,h_water,50.9
P0626,P0626H03,ap,55.3
P0627,P0627H01,ap,41.56
P0634,P0634H01,humus,20.49
P0634,P0634H01,total_N,1.27
P0634,P0634H01,ap,58.81
P0634,P0634H02,ap,34.36
P0660,P0660H01,total_N,1.105
P0687,P0687H01,caco3,78.2
P0687,P0687H02,caco3,53.96
P0707,P0707H01,ap,50
P0707,P0707H01,sum_bases,66.46
P0707,P0707H01,cec,67.46
P0713,P0713H01,ap,45.4
P0719,P0719H02,total,100.6
P0725,P0725H01,ap,40
P0725,P0725H02,caco3,45.35
P0730,P0730H01,total,100.05
P0743,P0743H01,ap,50
P0743,P0743H02,caco3,35.34
P0744,P0744H01,total,100.2
P0745,P0745H01,ap,45.5
P0745,P0745H02,caco3,44.49
P0748,P0748H01,ap,38.5
P0766,P0766H01,ap,41
P0775,P0775H01,ap,45.4
P0779,P0779H01,total,100.09
P0784,P0784H03,caco3,31.36
P0788,P0788H01,total,100.01
P0791,P0791H01,caco3,31.7
P0792,P0792H02,caco3,34.88
P0792,P0792H03,caco3,63.25
P0793,P0793H01,ap,50
P0793,P0793H02,caco3,31
P0793,P0793H03,caco3,52.63
P0796,P0796H01,humus,11.48
P0796,P0796H02,Y1,96.03
P0798,P0798H01,ap,40
P0798,P0798H02,caco3,40.48
P0798,P0798H03,caco3,63.19
P0799,P0799H01,ap,43.8
P0799,P0799H02,ap,35
P0799,P0799H03,caco3,34.42
P0800,P0800H01,ap,50
P0800,P0800H02,caco3,43.23
P0800,P0800H03,caco3,56.28
P0802,P0802H01,humus,13.6
P0802,P0802H01,total_N,1.256
P0803,P0803H01,caco3,31.5
P0805,P0805H01,ap,50
P0824,P0824H01,humus,11.89
P0824,P0824H01,total_N,0.86
P0838,P0838H01,caco3,55.78
P0839,P0839H03,caco3,41.06
P0839,P0839H04,caco3,50.19
P0879,P0879H01,ap,51
P0879,P0879H01,total,100.09
P0881,P0881H02,coarse_frag,92.94
P0881,P0881H02,Coarse_sand,99.02
P0906,P0906H01,Coarse_sand,84.62
P0945,P0945H01,humus,11.19
P0960,P0960H02,total,100.1
P0999,P0999H02,Coarse_sand,86.42
P1006,P1006H01,total,100.19
P1006,P1006H02,total,100.4
P1012,P1012H02,total,100.04
P1030,P1030H01,caco3,55.58
P1030,P1030H01,total,100.23
P1030,P1030H02,caco3,55.01
P1030,P1030H03,caco3,54.46
P1031,P1031H01,caco3,55.62
P1031,P1031H02,caco3,55.85
P1031,P1031H03,caco3,55.78
P1032,P1032H01,caco3,54.73
P1032,P1032H02,caco3,57.55
P1032,P1032H03,caco3,57.35
P1036,P1036H03,total,100.3
P1091,P1091H02,total,100.46
P1095,P1095H01,humus,13.78
P1096,P1096H01,humus,11.46
P1107,P1107H01,total,100.40999999999998
P1125,P1125H02,total,100.1
P1128,P1128H02,total,100.29
P1136,P1136H01,caco3,57.89
P1141,P1141H01,caco3,43.32
P1141,P1141H02,caco3,46.04
P1143,P1143H02,caco3,46.76
P1147,P1147H02,caco3,45.43
P1149,P1149H01,caco3,29.4
P1149,P1149H03,total,100.04
P1149,P1149H04,caco3,45.37
P1154,P1154H01,caco3,54.22
P1154,P1154H02,caco3,59.4
P1161,P1161H02,total,100.03
P1164,P1164H01,total,100.2
P1165,P1165H01,Coarse_sand,80.337
P1165,P1165H01,total,100.397
P1165,P1165H02,Coarse_sand,83.96
P1170,P1170H02,Coarse_sand,75.1
P1176,P1176H03,caco3,30.73
P1180,P1180H01,total,100.01
P1181,P1181H01,total,100.08
P1181,P1181H02,total,100.09
P1182,P1182H02,total,100.1
P1194,P1194H02,ak,101
P1202,P1202H01,caco3,34.09
P1206,P1206H02,caco3,29.92
P1266,P1266H01,total,100.45
P1266,P1266H03,caco3,31.6
P1266,P1266H04,caco3,30.4
P1278,P1278H01,total,100.2
P1278,P1278H03,caco3,30.8
P1279,P1279H04,caco3,32.4
P1280,P1280H04,caco3,40
P1284,P1284H01,caco3,36.4
P1284,P1284H02,caco3,41.2
P1285,P1285H02,caco3,34
P1483,P1483H01,total,100.05
P1485,P1485H03,total,100.3
P1512,P1512H01,total,100.1
P1512,P1512H02,total,100.1
P1513,P1513H03,total,100.1
P1514,P1514H02,total,100.3
P1514,P1514H04,total,110
P1516,P1516H01,total,154.2
P1559,P1559H02,total,100.1
P1561,P1561H04,total,100.3
P1562,P1562H02,caco3,48.05
P1568,P1568H02,porosity,0
P1568,P1568H02,ret_cap,0
P1568,P1568H03,porosity,0
P1568,P1568H03,ret_cap,0
P1582,P1582H01,humus,11.1
P1597,P1597H01,ap,49
P1601,P1601H02,caco3,43.03
P1602,P1602H03,total,100.01
P1603,P1603H01,ap,50
P1628,P1628H01,total,100.1
P1628,P1628H06,caco3,37.36
P1628,P1628H06,total,100.28
P1629,P1629H01,total,100.05
P1630,P1630H02,h_water,10.66
P1630,P1630H03,h_water,10.66
P1631,P1631H03,h_water,11.21
P1632,P1632H01,total,100.05
P1633,P1633H02,caco3,33.28
P1634,P1634H01,total,100.4
P1635,P1635H02,h_water,10.84
P1635,P1635H03,h_water,10.28
P1656,P1656H02,caco3,33.26
P1658,P1658H03,caco3,30.4
P1661,P1661H02,total,100.1
P1661,P1661H04,total,100.08
P1663,P1663H01,coarse_frag,77.5
P1666,P1666H01,coarse_frag,79.8
P1666,P1666H02,coarse_frag,73.7
P1667,P1667H01,coarse_frag,72.3
P1668,P1668H01,coarse_frag,79
P1669,P1669H01,coarse_frag,85.3
P1670,P1670H01,coarse_frag,88.2
P1676,P1676H01,coarse_frag,71.2
P1677,P1677H01,humus,17.9096296296296
P1677,P1677H01,total_N,1.074577777777776
P1677,P1677H02,coarse_frag,70.8
P1678,P1678H01,coarse_frag,70.9
P1680,P1680H01,humus,24.63896616541353
P1680,P1680H01,total_N,1.4783379699248118
P1688,P1688H01,coarse_frag,94.81
P1692,P1692H01,sum_bases,96.69
P1692,P1692H01,cec,97.66
P1697,P1697H02,coarse_frag,81.56
P1698,P1698H01,ap,39.44
P1698,P1698H01,coarse_frag,89.4
P1698,P1698H02,ap,35.06
P1698,P1698H02,coarse_frag,85.7
P1698,P1698H03,ap,35.14
P1700,P1700H01,coarse_frag,99.6
P1700,P1700H02,coarse_frag,81.9
P1700,P1700H03,ap,41.08
P1700,P1700H03,coarse_frag,79
P1700,P1700H04,ap,40.84
P1700,P1700H04,coarse_frag,79.1
P1704,P1704H01,sum_bases,64.38
P1704,P1704H01,cec,65.44
P1707,P1707H03,total,100.00000000000004
P1709,P1709H01,humus,12.94
P1709,P1709H01,cec,65.12
P1714,P1714H01,ap,40.54
P1714,P1714H02,ap,40.37
P1714,P1714H03,ap,41.15
P1721,P1721H01,humus,36.61
P1721,P1721H01,total_N,1.95
P1721,P1721H01,sum_bases,71.62
P1721,P1721H01,cec,85.80000000000001
P1722,P1722H01,humus,15.15
P1722,P1722H01,total_N,0.91
P1723,P1723H01,humus,14.55
P1723,P1723H01,total_N,1.01
P1730,P1730H01,humus,12.34
P1731,P1731H01,humus,27.36
P1731,P1731H01,total_N,1.21
P1731,P1731H01,sum_bases,83.4
P1731,P1731H01,cec,88.78
P1732,P1732H01,sum_bases,92.45
P1732,P1732H01,cec,93.36
P1737,P1737H01,clay,76.9
P1737,P1737H02,clay,83
P1738,P1738H01,Y1,94.51
P1741,P1741H01,humus,18.74
P1741,P1741H01,total_N,1.14
P1741,P1741H01,cec,76.61
P1743,P1743H01,humus,14.56
P1749,P1749H01,humus,11.15
P1751,P1751H01,cec,64.38
P1753,P1753H01,sum_bases,63.31
P1753,P1753H01,cec,64.85000000000001
P1753,P1753H02,sum_bases,65.7
P1753,P1753H02,cec,66.63000000000001
P1753,P1753H02,clay,76.1
P1756,P1756H01,sum_bases,101.26
P1756,P1756H01,cec,102.38
P1767,P1767H01,caco3,36.13
P1767,P1767H02,caco3,74.32
P1768,P1768H01,sum_bases,75.86
P1768,P1768H01,cec,77.24
P1769,P1769H01,total_N,1.14
P1769,P1769H01,sum_bases,86.94
P1769,P1769H01,cec,88.25999999999999
P1776,P1776H02,clay,75.1
P1776,P1776H03,clay,73.7
P1776,P1776H04,clay,77.2
P1777,P1777H01,sum_bases,78.39
P1777,P1777H01,cec,80.47
P1779,P1779H01,humus,11.2
P1786,P1786H01,humus,11.51
P1787,P1787H01,humus,11.57
P1791,P1791H01,Y1,116.72
P1791,P1791H02,total,100.26
P1805,P1805H02,Coarse_sand,89
P1879,P1879H01,cec,63.27
P1882,P1882H01,humus,21.03
P1882,P1882H01,total_N,0.95
P1909,P1909H01,humus,11.58
P1910,P1910H01,total_N,0.85
P1912,P1912H01,humus,12.48
P1912,P1912H01,total_N,0.89
P1912,P1912H01,Y1,109.62
P1914,P1914H01,humus,14.76
P1914,P1914H01,total_N,1.09
P1914,P1914H01,Y1,94.26
P1914,P1914H02,Y1,117.27
P1914,P1914H03,Y1,97.18
P1915,P1915H04,coarse_frag,86.5
P1917,P1917H01,Y1,104.07
P1918,P1918H01,coarse_frag,77.77
P1919,P1919H02,coarse_frag,90.22
P1926,P1926H03,coarse_frag,82.53
P1926,P1926H03,Coarse_sand,76.59
P1932,P1932H01,coarse_frag,72.78
P1933,P1933H02,coarse_frag,82.77
P1934,P1934H01,coarse_frag,71.88
P1935,P1935H02,coarse_frag,70.83
P1937,P1937H01,humus,11.79
P1947,P1947H02,coarse_frag,86.39
P1948,P1948H01,coarse_frag,75.93
P1949,P1949H02,coarse_frag,74.32
P1952,P1952H01,coarse_frag,83.25
P1955,P1955H02,coarse_frag,96.91
P1966,P1966H01,humus,11.14
P1981,P1981H04,Coarse_sand,75.3
P2004,P2004H01,humus,11.29
P2008,P2008H01,ap,47.97
P2008,P2008H02,ap,47.86
P2008,P2008H04,ap,47.28
P2012,P2012H01,h_water,11
P2012,P2012H02,caco3,35.94
P2016,P2016H01,total_N,0.76
P2016,P2016H01,Y1,102.66
P2022,P2022H01,ak,86.58
P2022,P2022H02,ak,79
P2024,P2024H01,ak,65.05
P2026,P2026H01,ak,101.38
P2057,P2057H01,total,100.05
P2115,P2115H02,total,100.1
P2177,P2177H02,total,100.05
P2194,P2194H01,ap,35.2
P2229,P2229H01,total,100.05
P2272,P2272H03,total,100.3
P2276,P2276H01,total,107
P2291,P2291H02,total,100.05
P2323,P2323H02,total,100.3
P2343,P2343H03,caco3,29.6
P2372,P2372H01,ap,37
P2372,P2372H02,ap,40
P2501,P2501H02,total,100.47
P2501,P2501H03,Coarse_sand,75
P2501,P2501H03,total,100.05
P2528,P2528H01,ak,77.26
P2535,P2535H03,caco3,31.97
P2546,P2546H01,caco3,40.82
P2546,P2546H02,caco3,64.53
P2564,P2564H02,total,100.4
P2571,P2571H01,sum_bases,66.92
P2571,P2571H01,cec,67.81
P2573,P2573H02,total,100.2
P2578,P2578H01,cec,63.05
P2583,P2583H01,humus,14.39
P2584,P2584H01,humus,14.09
P2590,P2590H01,total,100.3
P2608,P2608H01,caco3,32.75
P2608,P2608H02,caco3,36.75
P2622,P2622H01,caco3,32.12
P2627,P2627H01,caco3,38.56
P2627,P2627H02,caco3,54.16
P2627,P2627H03,caco3,45.55
P2629,P2629H02,caco3,37.27
P2629,P2629H03,caco3,34.11
P2630,P2630H02,caco3,29.27
P2630,P2630H03,caco3,35.12
P2633,P2633H01,caco3,35.81
P2633,P2633H02,caco3,36.74
P2634,P2634H03,total,100.34
P2635,P2635H03,caco3,34.38
P2637,P2637H02,caco3,31.92
P2637,P2637H03,caco3,42.64
P2637,P2637H04,caco3,42.79
P2637,P2637H04,total,100.1
P2638,P2638H01,ak,73.01
P2639,P2639H03,caco3,33.47
P2640,P2640H03,caco3,38.42
P2641,P2641H01,caco3,41.45
P2641,P2641H02,caco3,35.46
P2641,P2641H03,caco3,32.38
P2642,P2642H01,caco3,40.29
P2642,P2642H02,caco3,41.94
P2643,P2643H03,caco3,37.57
P2643,P2643H04,caco3,42.55
P2644,P2644H02,caco3,35.18
P2647,P2647H01,caco3,41.82
P2647,P2647H02,caco3,43.76
P2647,P2647H03,caco3,62.74
P2651,P2651H02,caco3,29.31
P2651,P2651H03,caco3,37.44
P2653,P2653H01,caco3,37.63
P2653,P2653H02,caco3,41.02
P2654,P2654H03,caco3,36.76
P2656,P2656H01,caco3,32.75
P2656,P2656H02,caco3,55.7
P2658,P2658H02,caco3,35.73
P2658,P2658H03,caco3,33.75
P2662,P2662H02,caco3,62.64
P2666,P2666H02,caco3,47.96
P2666,P2666H02,total,100.06
P2666,P2666H03,caco3,39.65
P2669,P2669H04,caco3,34.11
P2670,P2670H01,caco3,63.74
P2672,P2672H02,total,100.3
P2673,P2673H02,caco3,33.07
P2674,P2674H03,caco3,42.45
P2676,P2676H01,total,100.3
P2676,P2676H03,caco3,48.72
P2678,P2678H03,caco3,42.07
P2679,P2679H03,total,100.08
P2680,P2680H02,total,100.2
P2681,P2681H04,caco3,63.81
P2681,P2681H04,total,100.2
P2692,P2692H01,humus,11.19
P2694,P2694H02,total,100.46
P2701,P2701H01,total,100.16
P2709,P2709H03,caco3,49.26
P2710,P2710H01,ap,34.86
P2711,P2711H02,caco3,33.6
P2711,P2711H03,caco3,52.04
P2712,P2712H02,caco3,44.19
P2712,P2712H03,caco3,46.44
P2717,P2717H02,total,100.2
P2721,P2721H02,coarse_frag,74.2
P2724,P2724H02,total,100.4
P2734,P2734H01,total,100.01
P2744,P2744H01,cec,63.87
P2769,P2769H01,ap,50
P2769,P2769H02,ap,42.56
P2769,P2769H03,ap,50
P2769,P2769H04,ap,38.93
P2771,P2771H01,bd,0
P2771,P2771H01,Real_density,0
P2771,P2771H01,porosity,0
P2771,P2771H01,ret_cap,0
P2771,P2771H02,bd,0
P2771,P2771H02,Real_density,0
P2771,P2771H02,porosity,0
P2771,P2771H02,ret_cap,0
P2771,P2771H03,bd,0
P2771,P2771H03,Real_density,0
P2771,P2771H03,porosity,0
P2771,P2771H03,ret_cap,0
P2774,P2774H01,ap,50
P2774,P2774H02,ap,50
P2776,P2776H01,ap,40.61
P2780,P2780H02,ap,50
P2794,P2794H01,total,100.3
P2796,P2796H01,total,100.2
P2800,P2800H01,Coarse_sand,74.7
P2800,P2800H01,total,100.2
P2802,P2802H01,total,100.20000000000002
P2805,P2805H01,total,100.4
P2809,P2809H01,total,100.2
P2811,P2811H01,total,100.1
P2812,P2812H02,total,100.2
P2815,P2815H01,Coarse_sand,76
P2827,P2827H01,Coarse_sand,77
P2828,P2828H01,total,100.1
P2829,P2829H01,Coarse_sand,86.7
P2832,P2832H01,total,100.1
P2833,P2833H01,total,100.3
P2835,P2835H01,coarse_frag,71.7
P2835,P2835H01,total,100.3
P2840,P2840H01,total,100.2
P2841,P2841H01,total,100.3
P2843,P2843H01,total,100.4
P2843,P2843H03,Coarse_sand,77.6
P2844,P2844H01,total,100.1
P2845,P2845H01,total,100.4
P2862,P2862H01,total,100.3
P2862,P2862H02,total,100.4
P2864,P2864H01,humus,20.3
P2870,P2870H01,total,100.1
P2871,P2871H01,silt,80.2
P2871,P2871H01,total,100.2
P2873,P2873H01,total,100.1
P2874,P2874H04,Coarse_sand,78
P2875,P2875H01,total,100.2
P2875,P2875H03,total,100.3
P2875,P2875H04,total,100.3
P2879,P2879H02,total,100.20000000000002
P2879,P2879H03,total,100.4
P2891,P2891H01,total,100.2
P2900,P2900H02,total,100.4
P2908,P2908H01,total,100.2
P2912,P2912H01,Coarse_sand,85.1
P2912,P2912H01,total,100.2
P2913,P2913H01,Coarse_sand,81.3
P2913,P2913H02,total,100.4
P2913,P2913H04,Coarse_sand,82.5
P2916,P2916H01,total,100.2
P2918,P2918H01,Coarse_sand,82.3
P2921,P2921H01,total,100.4
P2934,P2934H01,total,100.3
P2937,P2937H01,total,100.4
P2940,P2940H01,total,100.3
P2942,P2942H01,total,100.2
P2943,P2943H01,Coarse_sand,82.3
P2944,P2944H01,total,100.3
P2947,P2947H01,total,100.4
P2948,P2948H01,total,100.3
P2951,P2951H02,Coarse_sand,76.2
P2954,P2954H01,Coarse_sand,77.8
P2955,P2955H01,total,100.2
P2957,P2957H01,Coarse_sand,73.7
P2958,P2958H01,Coarse_sand,77.2
P2960,P2960H01,total,100.3
P2960,P2960H02,Coarse_sand,85.9
P2964,P2964H02,total,100.3
P2967,P2967H02,total,100.2
P2967,P2967H03,total,100.4
P2977,P2977H01,total,100.4
P2979,P2979H02,total,100.4
P2979,P2979H03,total,100.1
P2979,P2979H04,total,100.4
P2982,P2982H01,total,100.1
P2984,P2984H01,total,100.3
P2988,P2988H01,total,100.1
P2996,P2996H02,total,100.3
P3001,P3001H01,total,100.2
P3012,P3012H01,total,100.3
P3015,P3015H01,total,100.3
P3060,P3060H02,total,100.3
P3060,P3060H03,total,100.08
P3063,P3063H01,Real_density,1.28
P3063,P3063H02,Real_density,1.36
P3074,P3074H01,Real_density,1.35
P3081,P3081H01,total,100.3
P3085,P3085H02,porosity,0
P3085,P3085H04,Real_density,1.33
P3099,P3099H02,Real_density,1.33
P3103,P3103H04,total,100.3
P3111,P3111H01,total,100.4
P3118,P3118H03,Real_density,1.33
P3118,P3118H04,Real_density,1.35
P3119,P3119H02,bd,0
P3119,P3119H02,Real_density,0
P3119,P3119H02,porosity,0
P3119,P3119H02,ret_cap,0
P3119,P3119H03,bd,0
P3119,P3119H03,Real_density,0
P3119,P3119H03,porosity,0
P3119,P3119H03,ret_cap,0
P3123,P3123H02,Real_density,1.38
P3124,P3124H01,total,100.2
P3126,P3126H01,Real_density,1.28
P3126,P3126H02,Real_density,1.3
P3148,P3148H01,ak,97.71
P3149,P3149H01,ak,79.16
P3154,P3154H01,ap,49.34
P3154,P3154H01,ak,94.72
P3167,P3167H01,ak,89.95
P3169,P3169H01,ak,88.39
P3170,P3170H01,ak,92.15
P3171,P3171H01,ak,87.24
P3172,P3172H01,total,100.02
P3172,P3172H02,total,100.19
P3180,P3180H01,total,100.14
P3186,P3186H02,total,100.43
P3187,P3187H02,total,110
P3189,P3189H01,humus,14.19
P3190,P3190H01,humus,13.6
P3190,P3190H01,total_N,1.256
P3208,P3208H01,sum_bases,64.05
P3208,P3208H01,cec,67.31
P3216,P3216H01,humus,13.36
P3216,P3216H01,sum_bases,67.94
P3216,P3216H01,cec,73.75999999999999
P3220,P3220H03,ap,40.24
P3221,P3221H03,total,100.2
P3222,P3222H03,total,100.4
P3228,P3228H03,ap,40.28
P3230,P3230H01,humus,15.09
P3234,P3234H01,total_N,9.24
P3234,P3234H01,ph_h2o,0.53
P3234,P3234H01,sum_bases,96.73
P3234,P3234H01,cec,96.73
P3234,P3234H02,caco3,43
P3234,P3234H02,total_N,4.09
P3234,P3234H02,ph_h2o,0.26
P3234,P3234H03,total_N,1.13
P3237,P3237H01,humus,13.6
P3237,P3237H01,total_N,1.256
P3243,P3243H01,ap,50
P3243,P3243H03,caco3,39.74
P3245,P3245H03,total,100.2
P3248,P3248H03,total,100.06
P3250,P3250H01,total,100.49
P3252,P3252H02,total,100.06
P3253,P3253H02,total,100.06
P3256,P3256H01,total,100.06
P3258,P3258H03,total,100.02
P3260,P3260H01,total,100.2
P3261,P3261H01,ap,36.86
P3262,P3262H01,total,100.3
P3263,P3263H02,total,100.06
P3276,P3276H01,total,100.09
P3279,P3279H02,total,100.3
P3296,P3296H01,ap,40
P3298,P3298H01,total,100.3
P3315,P3315H01,ap,37.3
P3320,P3320H01,total,100.01
P3353,P3353H01,ap,40
P3353,P3353H02,ap,40
P3353,P3353H02,total,100.07
P3355,P3355H01,ap,41.35
P3363,P3363H01,humus,11.08
P3364,P3364H02,total,100.2
P3368,P3368H01,ap,41.19
P3368,P3368H02,ap,41.13
P3368,P3368H03,ap,41.1
P3378,P3378H03,porosity,9.54
P3402,P3402H01,ap,40
P3418,P3418H01,total,100.20000000000002
P3441,P3441H02,total,100.15
P3488,P3488H02,total,100.4
P3525,P3525H02,ph_kcl,11.78
P3549,P3549H03,total,100.25
P3581,P3581H01,total,100.4
P3584,P3584H02,ap,40
P3589,P3589H02,total,100.1
P3596,P3596H02,total,100.1
P3608,P3608H01,total,100.3
P3618,P3618H01,total,100.3
P3645,P3645H01,total,100.20000000000002
P3652,P3652H03,total,100.3
P3675,P3675H01,ap,40
P3694,P3694H02,h_water,10.4
P3696,P3696H01,humus,11.4
P3696,P3696H01,h_water,10.7
P3696,P3696H02,humus,12.1
P3696,P3696H02,total,100.2
P3698,P3698H03,h_water,11.3
P3702,P3702H02,total,100.1
P3708,P3708H03,total,100.1
P3710,P3710H03,total,100.29999999999998
P3711,P3711H01,total,102.4
P3711,P3711H02,total,100.3
P3716,P3716H01,total,100.2
P3720,P3720H03,total,100.4
P3735,P3735H01,total,100.2
P3736,P3736H02,total,100.2
P3736,P3736H03,total,100.20000000000002
P3739,P3739H01,total,100.3
P3758,P3758H02,total,100.1
P3761,P3761H01,total,100.4
P3765,P3765H02,total,100.1
P3772,P3772H03,total,100.3
P3782,P3782H02,bd,0.64
P3791,P3791H03,total,100.4
P3821,P3821H01,Coarse_sand,76
P3824,P3824H02,total,100.05
P3881,P3881H02,total,100.1
P3887,P3887H01,total,100.20000000000002
P3893,P3893H02,total,100.1
P3894,P3894H01,total,100.3
P3895,P3895H03,total,100.4
P3904,P3904H01,total,100.1
P3917,P3917H01,bd,0.08
P3917,P3917H01,porosity,6.5
P3917,P3917H01,ret_cap,6.5
P3917,P3917H02,bd,0.24
P3917,P3917H02,porosity,6.6
P3917,P3917H03,porosity,6.7
P3918,P3918H01,total,100.2
P3921,P3921H02,total,100.1
P3922,P3922H01,ph_h2o,11.5
P3922,P3922H01,porosity,11.5
P3922,P3922H01,ret_cap,6
P3922,P3922H02,porosity,6.2
P3922,P3922H02,total,100.05
P3922,P3922H03,bd,0.082
P3922,P3922H03,porosity,6
P3922,P3922H03,ret_cap,11
P3927,P3927H01,ap,35
P3940,P3940H03,total,100.3
P3944,P3944H01,total,100.1
P3946,P3946H03,total,100.2
P3948,P3948H01,total,100.1
P3991,P3991H01,total,100.01
P3997,P3997H02,caco3,31.27
P3997,P3997H02,coarse_frag,72.7
P4001,P4001H03,caco3,31.68
P4001,P4001H04,caco3,33.6
P4002,P4002H03,caco3,33.68
P4005,P4005H04,total,100.1
P4007,P4007H02,ap,46.31
P4011,P4011H01,total,100.1
P4013,P4013H02,caco3,37.47
P4015,P4015H02,total,100.45
P4017,P4017H02,caco3,46.77
P4017,P4017H03,caco3,52.95
P4018,P4018H01,ap,50
P4023,P4023H01,caco3,46.95
P4025,P4025H01,caco3,30.14
P4025,P4025H01,total,100.39
P4025,P4025H02,caco3,34.9
P4026,P4026H02,caco3,47.99
P4028,P4028H02,caco3,38.21
P4028,P4028H03,caco3,58.86
P4032,P4032H02,caco3,39.75
P4032,P4032H03,caco3,47.96
P4033,P4033H02,total,100.01
P4044,P4044H01,total,100.27
P4049,P4049H02,ap,46.87
P4057,P4057H01,caco3,56.03
P4057,P4057H02,caco3,72.36
P4058,P4058H01,caco3,42.06
P4058,P4058H02,caco3,34.37
P4059,P4059H01,ap,50
P4059,P4059H02,ap,50
P4060,P4060H04,caco3,55.51
P4061,P4061H01,ap,37.56
P4062,P4062H01,ap,34.34
P4062,P4062H02,caco3,34.82
P4062,P4062H03,caco3,52.99
P4064,P4064H03,caco3,57.19
P4068,P4068H01,ap,50
P4071,P4071H01,ap,50
P4071,P4071H01,sum_bases,67.35
P4071,P4071H01,cec,70.22999999999999
P4074,P4074H01,ap,36.24
P4074,P4074H02,caco3,37.93
P4074,P4074H03,caco3,51.96
P4079,P4079H02,caco3,35.04
P4080,P4080H01,ap,50
P4080,P4080H02,ap,50
P4080,P4080H03,ap,50
P4082,P4082H01,ap,38.29
P4082,P4082H02,caco3,42.59
P4085,P4085H02,caco3,33.59
P4085,P4085H03,caco3,46.27
P4098,P4098H02,caco3,30.34
P4105,P4105H01,ap,50
P4106,P4106H01,ap,50
P4108,P4108H01,ap,35
P4109,P4109H02,total,100.4
P4110,P4110H01,caco3,33.87
P4110,P4110H01,ap,39.6
P4110,P4110H02,caco3,51.49
P4111,P4111H01,ap,50
P4113,P4113H02,caco3,35.34
P4115,P4115H01,ap,39
P4115,P4115H01,ak,70.4
P4116,P4116H02,total,110
P4117,P4117H01,ap,50
P4118,P4118H01,ap,50
P4118,P4118H02,ap,44.6
P4119,P4119H01,ap,39
P4119,P4119H02,total,100.3
P4120,P4120H01,ap,50
P4120,P4120H01,total,100.3
P4121,P4121H01,ap,50
P4121,P4121H02,ap,41.2
P4121,P4121H03,caco3,29.47
P4123,P4123H02,caco3,53.24
P4124,P4124H01,ap,35
P4124,P4124H02,caco3,39.69
P4129,P4129H01,ap,36.6
P4129,P4129H03,caco3,38.17
P4133,P4133H02,caco3,38.1
P4135,P4135H04,caco3,31.99
P4138,P4138H01,caco3,60.68
P4139,P4139H01,ap,50
P4144,P4144H02,caco3,30.38
P4154,P4154H01,ap,43
P4154,P4154H03,caco3,29.19
P4154,P4154H04,caco3,32.81
P4158,P4158H02,caco3,36.64
P4158,P4158H03,caco3,48.01
P4159,P4159H02,caco3,34.73
P4178,P4178H01,ap,40.73
P4178,P4178H02,ap,47.41
P4196,P4196H01,caco3,44.85
P4196,P4196H02,caco3,55.45
P4199,P4199H04,caco3,34.19
P4200,P4200H01,ak,88.02
P4200,P4200H01,total,106
P4200,P4200H02,ak,72.36
P4205,P4205H01,caco3,39.14
P4207,P4207H03,caco3,30.68
P4208,P4208H03,caco3,42.82
P4212,P4212H02,caco3,46.55
P4212,P4212H03,caco3,53.28
P4225,P4225H03,caco3,34.31
P4229,P4229H02,caco3,30.15
P4229,P4229H02,total,100.2
P4229,P4229H03,caco3,38.37
P4253,P4253H01,total,100.3
P4302,P4302H04,caco3,67.97
P4303,P4303H02,total,100.2
P4308,P4308H04,ap,38.02
P4387,P4387H03,total,100.04
P4422,P4422H04,ap,51.09
P4423,P4423H02,caco3,32.92
P4423,P4423H03,caco3,38.78
P4425,P4425H02,caco3,38.79
P4425,P4425H03,caco3,43.47
P4427,P4427H02,caco3,42.25
P4427,P4427H03,caco3,46.23
P4429,P4429H03,caco3,30.23
P4429,P4429H04,caco3,31.55
P4430,P4430H04,caco3,38.69
P4432,P4432H02,caco3,32.8
P4434,P4434H01,ap,50
P4434,P4434H02,ap,50
P4434,P4434H02,ak,83.62
P4434,P4434H03,ap,50
P4441,P4441H01,caco3,32.31
P4441,P4441H02,caco3,48.21
P4441,P4441H03,caco3,58.57
P4443,P4443H03,caco3,37.64
P4449,P4449H01,total,100.05
P4451,P4451H01,total,100.2
P4452,P4452H01,total,100.28
P4457,P4457H01,ap,35.59
P4464,P4464H01,total,100.4
P4466,P4466H01,total,100.4
P4468,P4468H02,caco3,31.42
P4472,P4472H02,total,100.1
P4474,P4474H04,caco3,29.49
P4481,P4481H04,total,100.08
P4483,P4483H01,total,100.1
P4489,P4489H01,total,100.4
P4491,P4491H03,caco3,30.11
P4493,P4493H01,total,100.2
P4504,P4504H01,Coarse_sand,80.45
P4518,P4518H01,caco3,43.29
P4522,P4522H01,total,100.4
P4530,P4530H02,total,100.2
P4536,P4536H02,coarse_frag,72.4
P4536,P4536H02,Coarse_sand,83.5
P4541,P4541H01,humus,28.5
P4541,P4541H01,total_N,1.06
P4542,P4542H02,humus,18.88
P4542,P4542H02,Y1,173
P4542,P4542H02,cec,63.14
P4542,P4542H03,humus,14.41
P4542,P4542H03,Y1,145
P4542,P4542H04,Y1,118
P4543,P4543H01,Y1,153
P4552,P4552H02,ret_cap,2.76
P4556,P4556H01,ret_cap,2.65
P4556,P4556H02,total,100.1
P4570,P4570H01,total,100.4
P4599,P4599H01,total,100.2
P4599,P4599H02,h_water,20.1
P4601,P4601H01,humus,306
P4601,P4601H01,total,100.09
P4604,P4604H01,total,100.1
P4609,P4609H01,coarse_frag,81.9
P4609,P4609H02,coarse_frag,71.2
P4609,P4609H03,total,100.35
P4610,P4610H01,total,100.2
P4612,P4612H01,ph_h2o,0.22
P4633,P4633H01,silt,73.4
P4653,P4653H02,coarse_frag,77.37
P4661,P4661H02,ak,78.13
P4682,P4682H01,ap,52.11
P4682,P4682H03,ak,100
P4683,P4683H01,caco3,37.69
P4683,P4683H02,caco3,65.87
P4683,P4683H03,caco3,50.29
P4686,P4686H01,ak,86.54
P4686,P4686H02,ap,52.09
P4686,P4686H03,ap,52.05
P4693,P4693H04,ap,47.86
P4698,P4698H02,caco3,39.38
P4722,P4722H02,ap,52.27
P4771,P4771H01,humus,12.15
P4771,P4771H03,caco3,41.64
P4777,P4777H01,humus,12.49
P4777,P4777H03,total,100.3
P4778,P4778H02,humus,11.98
P4789,P4789H02,humus,12.1
P4810,P4810H03,total,100.3
P4827,P4827H01,total,100.2
P4842,P4842H01,total,100.3
P4861,P4861H02,total,100.2
P4864,P4864H01,total,100.3
P4866,P4866H03,total,100.4
P4869,P4869H01,total,100.3
P4871,P4871H02,total,100.3
P4879,P4879H04,total,100.2
P4976,P4976H01,ap,52.28
P4976,P4976H02,ap,52.15
P4976,P4976H03,ap,41.68
P4977,P4977H01,ap,53.83
P4977,P4977H02,ap,52.72
P4977,P4977H03,ap,52.71
P4977,P4977H03,ak,65.36
P5042,P5042H01,humus,11.71
P5042,P5042H01,total,100.3
P5046,P5046H02,total,100.4
P5076,P5076H01,total,100.28
P5076,P5076H02,total,100.43
P5117,P5117H01,humus,12.19
P5117,P5117H01,total_N,1.38
P5117,P5117H02,total_N,0.95
P5118,P5118H03,total,100.15
P5124,P5124H01,ap,50.96
P5124,P5124H02,ap,37.43
P5128,P5128H01,total,100.1
P5129,P5129H01,ap,35.54
P5130,P5130H01,ap,35.54
P5130,P5130H01,total,100.01
P5137,P5137H03,caco3,31.45
P5143,P5143H01,total,100.3
P5143,P5143H03,caco3,29.1
P5143,P5143H04,caco3,43.09
P5163,P5163H01,ap,36.2
P5165,P5165H04,caco3,39.55
P5167,P5167H01,caco3,30.02
P5167,P5167H02,caco3,39.62
P5168,P5168H03,caco3,33.08
P5170,P5170H02,caco3,32.51
P5177,P5177H01,ap,34.8
P5186,P5186H04,caco3,51.33
P5189,P5189H01,caco3,35.77
P5189,P5189H03,caco3,33.22
P5199,P5199H03,caco3,45.61
P5206,P5206H01,ap,51.33
P5206,P5206H02,ap,51.46
P5206,P5206H03,ap,52.04
P5206,P5206H04,ap,51.86
P5212,P5212H04,ap,41.33
P5212,P5212H05,ap,72.2
P5217,P5217H04,caco3,29.45
P5227,P5227H01,ak,100
P5228,P5228H01,ak,94.48
P5228,P5228H02,ak,71.71
P5229,P5229H01,total,121.2
P5230,P5230H01,ak,67.55
P5232,P5232H01,ak,100
P5232,P5232H02,ak,100
P5233,P5233H01,ak,66.12
P5234,P5234H01,ak,86.94
P5236,P5236H01,ak,71.99
P5244,P5244H01,ak,68.42
P5247,P5247H01,ap,105.23
P5247,P5247H01,ak,102.91
P5247,P5247H02,ap,93.53
P5247,P5247H02,ak,105.09
P5247,P5247H03,ap,73.24
P5247,P5247H03,ak,84.96
P5247,P5247H04,ap,52.03
P5247,P5247H04,ak,65.35
P5251,P5251H01,ak,102.97
P5252,P5252H01,ap,52.3
P5261,P5261H01,ak,64.27
P5265,P5265H01,caco3,49.44
P5267,P5267H04,caco3,38.59
P5270,P5270H01,ap,48.87
P5271,P5271H02,caco3,77.81
P5272,P5272H02,caco3,33.2
P5272,P5272H03,caco3,64.64
P5451,P5451H03,coarse_frag,70.69
P5489,P5489H01,Real_density,3.09
P5491,P5491H02,Real_density,3.07
P5537,P5537H01,total,100.2
P5546,P5546H03,ap,50
P5560,P5560H01,total,100.2
P5599,P5599H01,ap,34.81
P5599,P5599H03,total,100.01
P5602,P5602H01,ak,97.37
P5603,P5603H01,ak,81.1
P5603,P5603H02,ak,88.08
P5604,P5604H01,total,100.07
P5605,P5605H04,total,100.2
P5616,P5616H01,Real_density,1.3
P5616,P5616H03,Coarse_sand,91
P5618,P5618H02,coarse_frag,79.3
P5618,P5618H02,Coarse_sand,86.5
P5621,P5621H01,Real_density,1.32
P5621,P5621H02,Real_density,1.37
P5622,P5622H01,Real_density,1.35
P5627,P5627H01,Real_density,1.16
P5627,P5627H02,Real_density,1.38
P5629,P5629H01,Real_density,1.21
P5629,P5629H02,Real_density,1.37
P5631,P5631H01,Real_density,1.31
P5639,P5639H01,humus,12.69
P5639,P5639H01,total_N,1.11
P5799,P5799H01,humus,11.59
P5800,P5800H01,humus,11.69
P5800,P5800H01,total_N,0.8
P5803,P5803H01,humus,11.49
P5803,P5803H01,total_N,0.98
P5809,P5809H02,total,100.2
P5809,P5809H03,total,110
P5814,P5814H03,total,100.2
P5819,P5819H01,total,100.2
P5827,P5827H01,total,100.4
P5828,P5828H02,coarse_frag,99.4
P5836,P5836H02,h_water,10.83
P5840,P5840H02,h_water,11.44
P5845,P5845H04,coarse_frag,91.73
P5846,P5846H03,caco3,51.47330475425923
P5846,P5846H04,caco3,57.38
P5850,P5850H03,caco3,30.84315605179148
P5850,P5850H04,caco3,42.038288172770685
P5852,P5852H03,caco3,33.84095147017689
P5852,P5852H04,caco3,32.04534963287508
P5853,P5853H04,caco3,33.42376625453291
P5854,P5854H03,caco3,35.74554611753504
P5854,P5854H04,caco3,33.17259918038133
P5855,P5855H03,caco3,44.7803320904609
P5855,P5855H04,caco3,47.91097546471529
P5855,P5855H04,total,100.00000000000004
P5856,P5856H02,total,100.00000000000006
P5860,P5860H03,caco3,32.01052538950016
P5863,P5863H01,total,100.00000000000004
P5869,P5869H02,total,100.02
P5873,P5873H01,total,100.01
P5880,P5880H01,ak,72.8
P5881,P5881H01,humus,12.52
P5882,P5882H03,clay,77.2
P5882,P5882H04,clay,80.2
P5902,P5902H04,caco3,65.92
P5903,P5903H03,caco3,36.11
P5905,P5905H02,humus,15.49
P5906,P5906H01,ap,77.6
P5906,P5906H01,ak,94.99
P5906,P5906H02,ap,77.6
P5906,P5906H03,ap,79.59
P5906,P5906H04,ap,59.69
P5908,P5908H01,humus,76.45
P5908,P5908H01,total_N,2.68
P5908,P5908H01,bd,0.22
P5908,P5908H01,h_water,20.07
P5908,P5908H01,porosity,86.07
P5908,P5908H01,ret_cap,82.02
P5908,P5908H02,humus,66.04
P5908,P5908H02,total_N,1.45
P5908,P5908H02,bd,0.15
P5908,P5908H02,h_water,15.52
P5908,P5908H02,porosity,90.68
P5908,P5908H02,ret_cap,85.09
P5909,P5909H01,humus,71.25
P5909,P5909H01,total_N,1.85
P5909,P5909H01,bd,0.28
P5909,P5909H01,h_water,17.96
P5909,P5909H01,porosity,83.13
P5909,P5909H01,ret_cap,80.73
P5909,P5909H02,humus,50.34
P5909,P5909H02,total_N,1.54
P5909,P5909H02,bd,0.21
P5909,P5909H02,h_water,13.29
P5909,P5909H02,porosity,87.34
P5909,P5909H02,ret_cap,84.73
P5910,P5910H01,humus,78.9
P5910,P5910H01,total_N,2.88
P5910,P5910H01,ap,35.2
P5910,P5910H01,bd,0.29
P5910,P5910H01,h_water,19.8
P5910,P5910H01,porosity,82.53
P5910,P5910H01,ret_cap,80.73
P5910,P5910H02,humus,81.98
P5910,P5910H02,total_N,2.47
P5910,P5910H02,ap,37
P5910,P5910H02,bd,0.26
P5910,P5910H02,h_water,24.53
P5910,P5910H02,porosity,82.53
P5910,P5910H02,ret_cap,81.64
P5910,P5910H03,humus,65.11
P5910,P5910H03,total_N,1.38
P5910,P5910H03,bd,0.18
P5910,P5910H03,h_water,15.09
P5910,P5910H03,porosity,89.15
P5910,P5910H03,ret_cap,88.48
P5911,P5911H01,humus,83.82
P5911,P5911H01,total_N,2.57
P5911,P5911H01,bd,0.26
P5911,P5911H01,h_water,21.39
P5911,P5911H01,porosity,84.33
P5911,P5911H01,ret_cap,81.98
P5911,P5911H02,humus,80.86
P5911,P5911H02,total_N,1.81
P5911,P5911H02,bd,0.11
P5911,P5911H02,h_water,12.91
P5911,P5911H02,porosity,92.85
P5911,P5911H02,ret_cap,91.07
P5912,P5912H01,humus,63.87
P5912,P5912H01,total_N,2.31
P5912,P5912H01,ap,35.4
P5912,P5912H01,bd,0.32
P5912,P5912H01,h_water,15.39
P5912,P5912H01,porosity,80.72
P5912,P5912H01,ret_cap,71.78
P5912,P5912H02,humus,61.35
P5912,P5912H02,total_N,1.64
P5912,P5912H02,bd,0.28
P5912,P5912H02,h_water,12.18
P5912,P5912H02,porosity,83.13
P5912,P5912H02,ret_cap,75.9
P5912,P5912H03,humus,62.23
P5912,P5912H03,total_N,1.48
P5912,P5912H03,bd,0.15
P5912,P5912H03,h_water,11.62
P5912,P5912H03,porosity,90.96
P5912,P5912H03,ret_cap,82.72
P5918,P5918H02,humus,12.1
P5919,P5919H02,humus,18.41
P5921,P5921H02,humus,12.81
P5924,P5924H01,humus,26.29
P5925,P5925H02,humus,14.55
P5936,P5936H02,humus,11.98
P5937,P5937H02,humus,29.41
P5937,P5937H02,total_N,0.896
P5942,P5942H02,humus,13.85
P5946,P5946H02,humus,14.02
P5949,P5949H01,humus,12.1
P5950,P5950H01,ap,40
P5952,P5952H02,total,100.00000000000036
P5953,P5953H01,humus,17.26
P5954,P5954H03,caco3,39.09
P5955,P5955H01,ak,100
P5955,P5955H02,ak,78.52
P5956,P5956H01,ak,64.48
P5957,P5957H04,caco3,37.24
P5957,P5957H05,caco3,36.34
P5958,P5958H01,ap,62.02
P5959,P5959H04,caco3,32.2
P5960,P5960H01,ak,87.68
P5960,P5960H02,ak,66.67
P5961,P5961H03,ap,45.88
P5961,P5961H04,ap,54.57
P5962,P5962H05,caco3,39.99
P5963,P5963H01,ak,74.64
P5963,P5963H04,caco3,42.75
P5969,P5969H02,h_water,10.85
P5971,P5971H05,total,100.20000000000002
P5972,P5972H02,total,100.3
P5975,P5975H01,total,100.01
P5975,P5975H05,caco3,31.99
P5976,P5976H05,caco3,29.79
P5977,P5977H04,caco3,59.13
P5977,P5977H04,total,100.01
P5978,P5978H04,caco3,45.84
P5980,P5980H04,caco3,30.49
P5981,P5981H01,ak,65.8
P5981,P5981H04,caco3,44.94
P5982,P5982H02,ak,66.2
P5982,P5982H04,caco3,40.52
P5984,P5984H01,ap,41
P5984,P5984H02,ap,35
P5984,P5984H02,ak,69.5
P5986,P5986H01,ap,35.75
P5986,P5986H01,ak,79.5
P5986,P5986H02,ak,77.7
P5987,P5987H01,ak,71.6
P5988,P5988H01,ak,76.35
P5989,P5989H05,caco3,34.77
P5990,P5990H01,ak,71.9
P5990,P5990H02,ak,65.1
P5990,P5990H05,caco3,43.38
P5991,P5991H01,ap,34.5
P5991,P5991H02,total,100.07999999999998
P5991,P5991H04,caco3,44.3
P5996,P5996H01,ak,67.9
P6001,P6001H01,total,100.27
P6005,P6005H01,ap,71
P6005,P6005H02,ap,57
P6171,P6171H01,humus,14.19
P6171,P6171H01,total_N,0.85
P6172,P6172H01,humus,14.34
P6172,P6172H01,total_N,0.86
P6175,P6175H01,humus,14.34
P6175,P6175H01,total_N,0.86
P6176,P6176H01,humus,25.03
P6176,P6176H01,total_N,1.5
P6181,P6181H01,humus,18
P6181,P6181H01,total_N,1.08
P6182,P6182H01,humus,17.12
P6182,P6182H01,total_N,1.03
P6183,P6183H01,humus,19.18
P6183,P6183H01,total_N,0.95
P6187,P6187H01,humus,20.12
P6187,P6187H01,total_N,1.21
P6188,P6188H01,humus,11.43
P6189,P6189H01,humus,18.46
P6189,P6189H01,total_N,1.11
P6190,P6190H01,humus,12.08
P6191,P6191H01,humus,18.4
P6191,P6191H01,total_N,1.1
P6192,P6192H01,humus,16.24
P6192,P6192H01,total_N,0.97
P6193,P6193H01,humus,14.85
P6193,P6193H01,total_N,0.89
P6194,P6194H01,total_N,1.12
P6195,P6195H01,total_N,0.88
P6197,P6197H01,humus,12.74
P6197,P6197H01,total_N,0.76
P6198,P6198H01,humus,19.03
P6198,P6198H01,total_N,1.14
P6199,P6199H01,humus,18.74
P6199,P6199H01,total_N,1.12
P6200,P6200H01,humus,16.7
P6200,P6200H01,total_N,1
P6201,P6201H01,humus,17.94
P6201,P6201H01,total_N,1.08
P6202,P6202H01,sum_bases,76.8
P6202,P6202H01,cec,76.8
P6202,P6202H01,total,100.1
P6204,P6204H01,sum_bases,75.41
P6204,P6204H01,cec,75.41
P6205,P6205H01,sum_bases,73.02
P6205,P6205H01,cec,73.02
P6207,P6207H01,humus,11.34
P6208,P6208H01,humus,19.17
P6208,P6208H01,total_N,1.15
P6208,P6208H01,sum_bases,91.78
P6208,P6208H01,cec,91.78
P6209,P6209H01,total_N,1.19
P6209,P6209H01,sum_bases,93.75
P6209,P6209H01,cec,93.75
P6210,P6210H01,humus,15.69
P6210,P6210H01,total_N,0.94
P6210,P6210H01,sum_bases,82.51
P6210,P6210H01,cec,82.51
P6211,P6211H01,humus,15.74
P6211,P6211H01,total_N,0.94
P6211,P6211H01,sum_bases,67.31
P6211,P6211H01,cec,67.31
P6213,P6213H02,ph_kcl,19.76
P6213,P6213H03,ph_kcl,39.09
P6217,P6217H03,caco3,34.31
P6226,P6226H03,caco3,33.63
P6226,P6226H04,caco3,44.05
P6230,P6230H04,caco3,38.75
P6241,P6241H01,porosity,1.7
P6241,P6241H02,porosity,2.1
P6243,P6243H03,caco3,37.65
P6248,P6248H03,caco3,46.23
P6253,P6253H02,clay,73.2
P6278,P6278H01,caco3,29.46
P6278,P6278H02,caco3,30.3
P6279,P6279H03,caco3,34.62
P6287,P6287H03,caco3,35.59
P6289,P6289H01,total,100.18
P6290,P6290H03,caco3,47.01
P6295,P6295H03,caco3,30
P6295,P6295H04,caco3,30
P6308,P6308H03,Coarse_sand,84.23
P6321,P6321H02,total,100.07
P6324,P6324H01,caco3,29.48
P6324,P6324H03,caco3,58.01
P6329,P6329H03,caco3,32.96
P6332,P6332H02,caco3,30.38
P6333,P6333H04,caco3,30.19
P6335,P6335H01,caco3,38
P6335,P6335H02,caco3,33.5
P6335,P6335H03,caco3,52.78
P6338,P6338H04,caco3,34.19
P6340,P6340H03,caco3,29.57
P6340,P6340H03,total,100.01
P6342,P6342H04,caco3,36.65
P6360,P6360H03,caco3,41.15
P6363,P6363H03,caco3,29.16
P6377,P6377H02,total,100.13
P6381,P6381H02,total,100.1
P6384,P6384H04,total,100.08
P6391,P6391H02,caco3,41.96
P6391,P6391H03,caco3,63.71
P6395,P6395H03,caco3,39.68
P6397,P6397H03,caco3,33.75
P6397,P6397H04,caco3,39.57
P6401,P6401H02,caco3,33.18
P6401,P6401H03,caco3,46.55
P6406,P6406H01,total,101
P6406,P6406H02,caco3,29.46
P6406,P6406H03,caco3,37.95
P6407,P6407H03,caco3,29.69
P6407,P6407H04,caco3,29.35
P6410,P6410H01,sum_bases,96.4
P6410,P6410H01,cec,96.9
P6413,P6413H02,total,100.08
P6420,P6420H03,total,103
P6422,P6422H02,silt,76.58
P6423,P6423H03,total,100.2
P6426,P6426H01,total,100.1
P6426,P6426H06,caco3,37.36
P6428,P6428H01,humus,12.81
P6429,P6429H01,humus,26.29
P6431,P6431H01,humus,14.55
P6433,P6433H02,h_water,12.28
P6437,P6437H04,caco3,37.1
P6449,P6449H01,Y1,123.9
P6449,P6449H01,total,100.2
P6461,P6461H04,caco3,42.75
P6464,P6464H01,humus,29.41
P6466,P6466H01,humus,11.43
P6466,P6466H01,Y1,106.36
P6467,P6467H01,humus,12.8
P6467,P6467H01,Y1,115.24
P6467,P6467H01,cec,83.66
P6467,P6467H05,total,100.01
P6468,P6468H01,h_water,10.27
P6472,P6472H01,humus,16.5
P6475,P6475H01,humus,12.97
P6475,P6475H01,h_water,91.85
P6475,P6475H02,h_water,40.95
P6475,P6475H03,h_water,80.63
P6476,P6476H01,humus,12.47
P6485,P6485H03,total,100.17
P6500,P6500H02,total,100.1
P6501,P6501H04,caco3,40.37
P6501,P6501H04,clay,73.7
P6502,P6502H02,total,100.1
P6502,P6502H04,total,100.20000000000002
P6505,P6505H01,total,100.4
P6511,P6511H01,caco3,36.89
P6511,P6511H02,caco3,75.59
P6512,P6512H01,ap,42.45
P6513,P6513H01,caco3,75.34
P6514,P6514H01,caco3,73.3
P6516,P6516H01,caco3,63.12
P6518,P6518H06,caco3,35.1
P6519,P6519H02,total,100.2
P6519,P6519H04,total,100.35
P6520,P6520H02,total,100.02
P6520,P6520H03,total,100.25
P6526,P6526H01,total,100.3
P6530,P6530H02,ap,36.8
P6538,P6538H01,humus,18.62
P6538,P6538H01,h_water,12.79
P6538,P6538H01,total,100.34
